description,mad_name,z_start(m),length(in),beamline,shape,round_diameter(in),elliptical_diameter_x(in),elliptical_diameter_y(in)
Fast Valve,,3224.150,2.36,LTUH,round,1.496,,
Flex Coupling,,3224.210,4.00,LTUH,round,1.370,,
Drift Tube,,3224.312,18.5,LTUH,round,1.370,,
Flex Coupling,,3224.782,3.34,LTUH,round,1.370,,
Quad Magnet/BPM Assy,QVM1*/BPMVM1*,3224.867,22.94,LTUH,round,0.781,,
Flex Coupling,,3225.450,4.00,LTUH,round,1.370,,
Drift Tube,XCM2*,3225.552,8.0,LTUH,round,1.370,,
Flex Coupling,,3225.755,3.34,LTUH,round,1.370,,
Quad Magnet/BPM Assy,QVM2*,3225.840,22.94,LTUH,round,0.781,,
Bellows,,3226.423,4.075,LTUH,round,1.535,,
Fast Wire Scanner,WSVM2*,3226.527,8.78,LTUH,round,1.3748,,
Bellows,,3226.750,3.5,LTUH,round,1.259,,
Dipole,BY1*,3226.839,48.44,LTUH,round,1.280,,
Flex Coupling,,3228.069,4.00,LTUH,round,1.370,,
Tee Cross,,3228.171,4.92,LTUH,round,1.370,,
Drift Tube(2 in a row),,3228.296,120.0,LTUH,round,1.370,,
Drift Tube,,3231.344,24,LTUH,round,1.370,,
4 Way Cross,,3231.954,4.92,LTUH,round,1.370,,
Drift Tube(2 in a row),,3232.079,120.0,LTUH,round,1.370,,
Bellows,,3235.127,5.20,LTUH,round,1.500,,
Quad Magnet/BPM Assy,QVB1*BPMVB1*,3235.259,22.94,LTUH,round,0.781,,
Bellows,,3235.842,5.20,LTUH,round,1.500,,
Drift Tube,,3235.974,48,LTUH,round,1.370,,
4 Way Cross,,3237.193,4.92,LTUH,round,1.370,,
Drift Tube,,3237.318,60.0,LTUH,round,1.370,,
4 Way Cross,,3238.842,4.92,LTUH,round,1.370,,
Drift Tube,,3238.967,24,LTUH,round,1.370,,
Bellows,,3239.577,6,LTUH,round,1.500,,
Quad Magnet/BPM Assy,QVB2*/BPMVB2,3239.729,22.94,LTUH,round,0.781,,
Bellows,,3240.312,5.20,LTUH,round,1.500,,
Drift Tube(2 in a row),,3240.444,120.0,LTUH,round,1.370,,
4 Way Cross,,3243.492,4.92,LTUH,round,1.370,,
Drift Tube,,3243.617,18,LTUH,round,1.370,,
Bellows,,3244.074,5.20,LTUH,round,1.500,,
Quad Magnet/BPM Assy,QVB3*/BPMVB3*,3244.206,22.94,LTUH,round,0.781,,
Flex Coupling,,3244.789,4.00,LTUH,round,1.370,,
Drift Tube(3 in a row),,3244.891,180.0,LTUH,round,1.370,,
Drift Tube,,3249.463,36.0,LTUH,round,1.370,,
Drift Tube,,3250.377,23.0,LTUH,round,1.370,,
Actuator,,3250.961,2.75,LTUH,round,1.500,,
Flex Coupling,,3251.031,3.34,LTUH,round,1.370,,
Drift Tube,,3251.116,32.0,LTUH,round,1.370,,
Dipole,BY2*,3251.929,48.44,LTUH,round,1.280,,
Drift Tube,XCVM3*,3253.159,10.0,LTUH,round,1.370,,
Flex Coupling,,3253.413,3.34,LTUH,round,1.370,,
Quad Magnet/BPM Assy,QVM3*/BPMV3*,3253.498,22.943,LTUH,round,0.781,,
Flex Coupling,,3254.081,3.34,LTUH,round,1.370,,
Drift Tube,YCVM4*,3254.166,9.0,LTUH,round,1.370,,
Flex Coupling,,3254.395,3.34,LTUH,round,1.370,,
Quad Magnet/BPM Assy,QVM4*/BPMV4*,3254.480,22.943,LTUH,round,0.781,,
Flex Coupling,,3255.063,4.00,LTUH,round,1.370,,
Toroid,IM31*,3255.165,1.80,LTUH,round,0.875,,
Toroid Spool,,3255.211,2.4,LTUH,round,1.370,,
Toroid,IMBCS1*,3255.272,1.80,LTUH,round,0.875,,
Flex Coupling,,3255.318,3.34,LTUH,round,1.370,,
Reducing Flange,,3255.403,0.68,LTUH,round,1.500,,
Magnet Chamber,BX31*,3255.420,113,LTUH,rectangular,,1.402,0.468
Reducing Flange,,3258.290,0.68,LTUH,round,1.500,,
Flex Coupling,,3258.307,3.34,LTUH,round,1.370,,
4 Way Cross,,3258.392,4.92,LTUH,round,1.370,,
4 Way Cross,,3258.517,4.92,LTUH,round,1.370,,
Drift Tube,BTM02*,3258.642,60.0,LTUH,round,1.370,,
Drift Tube(5 in a row),,3260.166,300.0,LTUH,round,1.370,,
Flex Coupling,,3267.786,3.34,LTUH,round,1.370,,
4 Way Cross,,3267.871,4.92,LTUH,round,1.370,,
Bellows,,3267.996,5.20,LTUH,round,1.500,,
Drift Tube,,3268.128,60.0,LTUH,round,1.370,,
Drift Tube,,3269.652,19.5,LTUH,round,1.370,,
Reducing Flange,,3270.147,0.56,LTUH,round,1.500,,
Fast Wire Scanner Assy,WSDL31*,3270.161,8.78,LTUH,round,1.3748,,
Drift Tube,XCDL1*,3270.384,20.38,LTUH ,round,1.370,,
Bellows,,3270.902,5.20,LTUH,round,1.500,,
Magnet/BPM Assy,QDL31*/BPMDL1*,3271.034,21.0,LTUH,round,0.874,,
Bellows,,3271.567,5.20,LTUH,round,1.500,,
Drift Tube,YCDL1*,3271.699,36.0,LTUH,round,1.370,,
Reducing Flange,,3272.613,0.78,LTUH,round,1.370,,
Collimator,CEDL1*,3272.633,8.6,LTUH,round,3.834,,
Drift Tube,,3272.851,21.38,LTUH,round,1.370,,
Bellows,,3273.394,5.20,LTUH,round,1.500,,
4 Way Cross,,3273.526,4.92,LTUH,round,1.370,,
Bellows,,3273.651,5.20,LTUH,round,1.500,,
Drift Tube,,3273.783,48,LTUH,round,1.370,,
Drift Tube(2 in a row),,3275.002,120.0,LTUH,round,1.370,,
Drift Tube,BTM22*,3278.050,60.0,LTUH,round,1.370,,
Pneumatic Valve,,3279.574,2.83,LTUH,round,1.570,,
Flex Coupling,,3279.646,4.00,LTUH,round,1.370,,
Drift Tube(2 in a row),,3279.748,120.0,LTUH,round,1.370,,
4 Way Cross,,3282.796,4.92,LTUH,round,1.370,,
Bellows,,3282.921,5.2,LTUH,round,1.500,,
Drift Tube,,3283.053,15.6,LTUH,round,1.370,,
Vert. Collimator,CYBX32,3283.449,8.6,LTUH,round,3.834,,
Drift Tube,,3283.667,18,LTUH,round,1.370,,
Bellows,,3284.124,5.2,LTUH,round,1.500,,
Vacuum Chamber ,,3284.256,113,LTUH,rectangular,,1.402,0.468
Reducing Flange,,3287.126,0.68,LTUH,round,1.500,,
Drift Tube,,3287.143,6.5,LTUH,round,1.370,,
Flex Coupling,,3287.308,4,LTUH,round,1.370,,
Magnet Chamber,,3287.410,22.94,LTUH,round,0.745,,
Bellows,,3287.993,6,LTUH,round,1.500,,
Drift Tube,,3288.145,24,LTUH,round,1.370,,
Bellows,,3288.755,5.2,LTUH,round,1.500,,
BPM Vac System,,3288.887,22.943,LTUH,round,0.781,,
Bellows,,3289.470,6,LTUH,round,1.500,,
Drift Tube,,3289.622,24,LTUH,round,1.370,,
Bellows,,3290.232,5.2,LTUH,round,1.500,,
Magnet Chamber,,3290.364,22.94,LTUH,round,0.745,,
Drift Tube,,3290.947,45,LTUH,round,1.370,,
Drift Tube,,3292.090,20,LTUH,round,1.370,,
Flex Coupling,,3292.598,4,LTUH,round,1.370,,
*R56 Chicane Asmby,"BCX321*,BCX322*,BCX323*,BCX324*,",3292.700,87.54,LTUH,rectangular,,0.553,2.756
Flex Coupling,,3294.924,4,LTUH,round,1.370,,
Drift Tube,,3295.026,30,LTUH,round,1.370,,
4 Way Cross,,3295.788,4.92,LTUH,round,1.370,,
Bellows,,3295.913,6,LTUH,round,1.500,,
Drift Tube,,3296.065,60,LTUH,round,1.370,,
4 Way Cross,,3297.589,4.92,LTUH,round,1.370,,
Drift Tube,,3297.714,48,LTUH,round,1.370,,
Bellows,,3298.933,6,LTUH,round,1.500,,
BYKIKMAG Drift Tube,,3299.085,94,LTUH,round,1.180,,
Bellows,,3301.473,6,LTUH,round,1.500,,
Drift Tube(3 in a row),,3301.625,180.0,LTUH,round,1.370,,
Drift Tube,,3306.197,19.5,LTUH,round,1.370,,
BPM Drift Tube,,3306.692,21.0,LTUH,round,0.874,,
Drift Tube,,3307.225,23.0,LTUH,round,1.370,,
Flex Coupling,,3307.809,4,LTUH,round,1.370,,
Spoiler Foil,,3307.911,0.039,LTUH,round,0.315,,
Spoiler Body,,3307.912,2.0,LTUH,round,1.000,,
Spoiler Tube,,3307.963,6.0,LTUH,round,1.000,,
Bellows,,3308.115,6,LTUH,round,1.500,,
Drift Tube,,3308.267,12,LTUH,round,1.370,,
Actuator,,3308.572,2.75,LTUH,round,1.500,,
Flex Coupling,,3308.642,4,LTUH,round,1.370,,
Drift Tube(2 in a row),,3308.744,120,LTUH,round,1.370,,
Four Way Cross Tube,,3311.792,4.92,LTUH,round,1.370,,
Drift Tube,,3311.917,48,LTUH,round,1.370,,
Bellows,,3313.136,5.2,LTUH,round,1.500,,
Single Beam Dump Assy,,3313.268,28.14,LTUH,round,0.501,,
Bellows,,3313.983,6,LTUH,round,1.500,,
Dump Collimator,PCTDKIK1*,3314.135,36.0,LTUH,round,0.870,,
Bellows,,3315.049,6,LTUH,round,1.500,,
Dump Collimator,PCTDKIK2*,3315.201,36.0,LTUH,round,0.870,,
Bellows,,3316.115,6,LTUH,round,1.500,,
Dump Collimator,PCTDKIK3*,3316.267,36.0,LTUH,round,0.870,,
Bellows,,3317.181,6,LTUH,round,1.500,,
Dump Collimator,PCTDKIK4*,3317.333,36.0,LTUH,round,0.870,,
Bellows,,3318.247,6,LTUH,round,1.500,,
Drift Tube,,3318.399,47.33,LTUH,round,1.370,,
5 Way Cross Valve,,3319.601,4.92,LTUH,round,1.370,,
Drift Tube,,3319.726,11.88,LTUH,round,1.370,,
R56 Chicane ASSY,"BCX351*,BCX52*,BCX353*,BCX354*",3320.028,87.54,LTUH,rectangular,,0.553,2.756
Drift Tube,YCQT21*,3322.252,28.0,LTUH,round,1.370,,
Bellows,,3322.963,5.2,LTUH,round,1.500,,
Magnet Chamber,QT21*,3323.095,22.94,LTUH,round,0.745,,
Flex coupling,,3323.678,3.34,LTUH,round,1.370,,
Drift Tube,,3323.763,28.0,LTUH,round,1.370,,
Flex Coupling,,3324.474,3.34,LTUH,round,1.370,,
BPM Vac System,QT22*,3324.569,22.943,LTUH,round,0.781,,
Bellows,,3325.152,5.2,LTUH,round,1.500,,
Drift Tube,,3325.284,9.0,LTUH,round,1.370,,
Reducing Flange,,3325.513,0.78,LTUH,round,1.370,,
Collimator,CXQT22*,3325.533,8.6,LTUH,round,3.834,,
Reducing Flange,,3325.751,0.78,LTUH,round,1.370,,
Drift Tube,,3325.771,8.0,LTUH,round,1.370,,
Bellows,,3325.974,5.2,LTUH,round,1.500,,
Magnet Chamber,QT23*,3326.106,22.94,LTUH,round,0.745,,
Flex Coupling,,3326.689,3.34,LTUH,round,1.370,,
Drift Tube,,3326.774,10.0,LTUH,round,1.370,,
Reducing Flange,,3327.028,0.68,LTUH,round,1.500,,
Magnet Chamber**,BX35*,3327.045,113,LTUH,rectangular,,1.402,0.468
Reducing Flange,,3329.915,0.68,LTUH,round,1.500,,
Flex Coupling,,3329.932,3.34,LTUH,round,1.370,,
Drift Tube,,3330.017,28.0,LTUH,round,1.370,,
Drift Tube(2 in a row),,3330.728,120,LTUH,round,1.370,,
4 Way Cross,,3333.776,4.92,LTUH,round,1.370,,
Bellows,,3333.901,6,LTUH,round,1.500,,
Drift Tube,,3334.053,36.0,LTUH,round,1.370,,
Actuator,,3334.967,2.75,LTUH,round,1.500,,
Flex Coupling,,3335.037,3.34,LTUH,round,1.370,,
Drift Tube,,3335.122,20.0,LTUH,round,1.370,,
Flex Coupling,,3335.630,3.34,LTUH,round,1.370,,
Drift Tube,CQ31*,3335.715,10.0,LTUH,round,1.055,,
Flex Coupling,,3335.969,3.34,LTUH,round,1.370,,
Drift Tube,,3336.054,24.0,LTUH,round,1.370,,
Drift Tube,BTM042*,3336.664,28.0,LTUH,round,1.370,,
Drift Tube(2 in a row),,3337.375,120.0,LTUH,round,1.370,,
4 Way Cross,,3340.423,4.92,LTUH,round,1.370,,
Drift Tube,,3340.548,36.0,LTUH,round,1.370,,
OTR-30,OTR30*,3341.462,17.0,LTUH,round,0.350,,
Drift Tube,,3341.894,28.0,LTUH,round,1.370,,
BPM Drift Tube,"QDL33*,BPMDL3*",3342.605,21.0,LTUH,round,0.874,,
Drift Tube,,3343.137,19.5,LTUH,round,1.370,,
Drift Tube,,3343.632,21.38,LTUH,round,1.370,,
Collimator,CEDL3*,3344.175,8.6,LTUH,round,3.834,,
Drift Tube,,3344.393,21.38,LTUH,round,1.370,,
Tube Clamp,,3344.936,4,LTUH,round,1.370,,
Drift Tube,,3345.038,48,LTUH,round,1.370,,
Drift Tube(2 in a row),,3346.257,120.0,LTUH,round,1.370,,
4 Way Cross,ROUGH OUT*,3349.305,4.92,LTUH,round,1.370,,
Drift Tube,,3349.430,8.0,LTUH,round,1.370,,
Tube Clamp,,3349.633,4,LTUH,round,1.370,,
Drift Tube,QUAD-CQ32*,3349.735,10.0,LTUH,round,1.055,,
Tube Clamp,,3349.989,4,LTUH,round,1.370,,
Drift Tube,,3350.091,37.19,LTUH,round,1.370,,
4 Way Cross,,3351.036,4.92,LTUH,round,1.370,,
Drift Tube(2 in a row),,3351.161,120.0,LTUH,round,1.370,,
4 Way Cross,,3354.209,4.92,LTUH,round,1.370,,
Flex Coupling,,3354.334,4,LTUH,round,1.370,,
Drift Tube,,3354.436,23.0,LTUH,round,1.370,,
Collimator,CYBX36*,3355.020,8.6,LTUH,round,3.834,,
Drift Tube,,3355.238,18.5,LTUH,round,1.370,,
Bellows,,3355.708,5.2,LTUH,round,1.500,,
Reducing Flange,,3355.840,0.68,LTUH,round,1.500,,
Magnet Chamber,BX36*,3355.857,113,LTUH,rectangular,,1.402,0.468
Reducing Flange,,3358.727,0.68,LTUH,round,1.500,,
Drift Tube,,3358.744,6.5,LTUH,round,1.370,,
Flex Coupling,,3358.909,4,LTUH,round,1.370,,
Magnet Chamber,QT31*,3359.011,22.94,LTUH,round,0.745,,
Bellows,,3359.594,6.0,LTUH,round,1.500,,
Magnet System,XCQT32*,3359.746,23.622,LTUH,round,1.430,,
Bellows,,3360.346,5.2,LTUH,round,1.500,,
Quad Magnet BPM Assy,QT32(BPMT32)*,3360.478,22.943,LTUH,round,0.745,,
Bellows,,3361.061,5.2,LTUH,round,1.500,,
Magnet Assy,YCQT32*,3361.193,23.622,LTUH,round,1.430,,
Bellows,,3361.793,6.0,LTUH,round,1.500,,
Magnet Chamber,QT33*,3361.945,22.94,LTUH,round,0.745,,
Bellows,,3362.528,5.2,LTUH,round,1.500,,
Drift Tube,,3362.660,12,LTUH,round,1.370,,
Actuator,,3362.965,2.75,LTUH,round,1.500,,
Flex Coupling,,3363.035,4.00,LTUH,round,1.370,,
R56 Chicane ASSY,"BX361*,BX362*,BX363*,BX364*",3363.137,87.54,LTUH,rectangular,,0.553,2.756
Flex Coupling,,3365.284,4.00,LTUH,round,1.370,,
Drift Tube,BTM42*,3365.386,16.40,LTUH,round,1.370,,
Toroid,IBMCS2*,3365.803,1.80,LTUH,round,0.875,,
Bellows,,3365.849,5.20,LTUH,round,1.500,,
Drift Tubes(3 in a row),BTM05*,3365.981,180.00,LTUH,round,1.370,,
4 Way Cross,40 L/S ION PUMP*,3370.553,4.92,LTUH,round,1.370,,
Bellows,,3370.678,6.00,LTUH,round,1.500,,
Drift Tubes(2 in a row),,3370.830,120.00,LTUH,round,1.370,,
Drift Tube,,3373.878,28.00,LTUH,round,1.370,,
Bellows,,3374.589,5.20,LTUH,round,1.500,,
Reducing Flange,,3374.721,0.56,LTUH,round,1.500,,
Wire Scanner,WSDL4*,3374.735,8.25,LTUH,round,1.870,,
Reducing Flange,,3374.945,0.56,LTUH,round,1.500,,
Bellows,,3374.959,5.20,LTUH,round,1.500,,
Drift Tube,,3375.091,12.00,LTUH,round,1.370,,
5 Way Cross,ROUGHOUT/VAC GAUGES*,3375.396,4.92,LTUH,round,1.370,,
Bellows,,3375.521,10.00,LTUH,round,1.500,,
Vert. Dechirper,DCHIRPV*,3375.775,92.92,LTUH,round,0.984,,
Bellows,,3378.135,10.00,LTUH,round,1.500,,
BPM Drift Tube,QDL34*,3378.389,21.0,LTUH,round,0.874,,
Bellows,,3378.922,10.00,LTUH,round,1.500,,
Horiz. Dechirper,DCHIRPH*,3379.176,92.92,LTUH,round,0.984,,
Bellows,,3381.536,6.00,LTUH,round,1.500,,
Magnet System,XCDL4*,3381.688,23.622,LTUH,round,1.430,,
Drift Tube,YCDL4*,3382.288,45,LTUH,round,1.370,,
Bellows,,3383.431,5.20,LTUH,round,1.500,,
4 Way Cross,40 L/S ION PUMP*,3383.563,4.92,LTUH,round,1.370,,
Bellows,,3383.688,5.20,LTUH,round,1.500,,
Drift Tube,,3383.820,24,LTUH,round,1.370,,
Drift Tubes(3 in a row),,3384.430,180.0,LTUH,round,1.370,,
Drift Tube,BURN THROUGH MONITOR*,3389.002,60.0,LTUH,round,1.370,,
Pneumatic Valve,,3390.528,2.83,LTUH,round,1.570,,
Bellows,,3390.600,6,LTUH,round,1.500,,
Drift tubes(2 in a row),,3390.752,120.0,LTUH,round,1.370,,
Drift Tube,,3393.800,36.0,LTUH,round,1.370,,
Bellows,,3394.714,6,LTUH,round,1.500,,
Magnet Chamber,QT41*,3394.866,22.94,LTUH,round,0.745,,
Flex Coupling,,3395.449,3.34,LTUH,round,1.370,,
Drift Tube,XCQT42*,3395.534,28.00,LTUH,round,1.370,,
Flex Coupling,,3396.245,3.34,LTUH,round,1.370,,
BPM Quad,QT42*,3396.330,22.943,LTUH,round,0.781,,
Bellows,,3396.913,6,LTUH,round,1.500,,
Magnet Assy,YCQT42*,3397.065,23.622,LTUH,round,1.430,,
Bellows,,3397.665,6,LTUH,round,1.500,,
Magnet Chamber,QT43*,3397.817,22.94,LTUH,round,0.745,,
Flex Coupling,,3398.400,3.34,LTUH,round,1.370,,
Drift Tube,,3398.485,24,LTUH,round,1.370,,
Toroid,IM36*,3399.095,1.80,LTUH,round,0.875,,
Flex Coupling,,3399.141,4.00,LTUH,round,1.370,,
Drift Tube,,3399.243,30,LTUH,round,1.370,,
4 Way Cross,40 L/S ION PUMP*,3400.005,4.92,LTUH,round,1.370,,
Flex Coupling,,3400.130,4.00,LTUH,round,1.370,,
Drift Tube,YCQT42*,3400.232,24,LTUH,round,1.370,,
BPM Drift Tube,"QEM1*,BPMEM1*",3400.842,21.0,LTUH,round,0.874,,
Flex Coupling,,3401.375,4.00,LTUH,round,1.370,,
Drift Tube,,3401.477,60.0,LTUH,round,1.370,,
4 Way Cross,ROUGH OUT*,3403.001,4.92,LTUH,round,1.370,,
Drift Tube,,3403.126,60.0,LTUH,round,1.370,,
4 Way Cross,VACUUM GAUGES*,3404.650,4.92,LTUH,round,1.370,,
Flex Coupling,,3404.775,3.34,LTUH,round,1.370,,
Drift Tube,,3404.860,18,LTUH,round,1.370,,
BPM Drift Tube,"QEM2*,BPMEM2*",3405.317,21.0,LTUH,round,0.874,,
Drift Tube,XCEM2*,3405.850,60.0,LTUH,round,1.370,,
Drift Tube(2 in a row),,3407.374,120.0,LTUH,round,1.370,,
Drift Tube,BTM07*,3410.422,36.0,LTUH,round,1.370,,
4 Way Cross,40 L/S ION PUMP*,3411.336,4.92,LTUH,round,1.370,,
Bellows,,3411.461,5.20,LTUH,round,1.500,,
Drift Tube(3 in a row),,3411.593,180.0,LTUH,round,1.370,,
Drift Tube,,3416.165,36.0,LTUH,round,1.370,,
Drift Tube,YCEM3*,3417.079,28.00,LTUH,round,1.370,,
BPM Drift Tube,"QEM3*,BPMEM3*",3417.790,21.0,LTUH,round,0.874,,
Drift Tube,,3418.323,20.0,LTUH,round,1.370,,
Flex Coupling,,3418.831,4.00,LTUH,round,1.370,,
Magnet Drift Assy,QEM3V*,3418.933,10.0,LTUH,round,1.055,,
Flex Coupling,,3419.187,4.00,LTUH,round,1.370,,
Drift Tube,,3419.289,18.5,LTUH,round,1.370,,
Actuator,,3419.759,2.75,LTUH,round,1.500,,
Bellows,,3419.829,6,LTUH,round,1.500,,
Drift Tube,,3419.981,60.0,LTUH,round,1.370,,
Drift Tube,XCEM4*,3421.505,30,LTUH,round,1.370,,
Drift Tube,,3422.267,19.5,LTUH,round,1.370,,
BPM Drift Tube,"QEM4*,BPMEM4*",3422.762,21.0,LTUH,round,0.874,,
Drift Tube,,3423.295,48,LTUH,round,1.370,,
Bellows,,3424.514,5.20,LTUH,round,1.500,,
Fast Wire Scanner Assy,WS31*,3424.646,8.78,LTUH,round,1.3748,,
Bellows,,3424.869,5.20,LTUH,round,1.500,,
Drift Tube,,3425.001,60.0,LTUH,round,1.370,,
4 Way Cross,,3426.525,4.92,LTUH,round,1.370,,
Drift Tube(2 in a row),,3426.650,120.0,LTUH,round,1.370,,
4 Way Cross,,3429.698,4.92,LTUH,round,1.370,,
Drift Tube,,3429.823,60.0,LTUH,round,1.370,,
4 Way Cross,,3431.347,4.92,LTUH,round,1.370,,
Flex Coupling,,3431.472,3.34,LTUH,round,1.370,,
Drift Tube,,3431.557,28.00,LTUH,round,1.370,,
Drift Tube,XCE31*,3432.268,48,LTUH,round,1.370,,
Magnet Quad with BPM ASSY,"QE31*,BPME31*",3433.487,10.0,LTUH,round,0.870,,
Drift Tube,,3433.741,18.5,LTUH,round,1.370,,
Drift Tube,,3434.211,36.0,LTUH,round,1.370,,
Flex Coupling,,3435.125,3.34,LTUH,round,1.370,,
Drift Tube(3 in a row),,3435.210,180.0,LTUH,round,1.370,,
4 Way Cross,,3439.782,4.92,LTUH,round,1.370,,
Bellows,,3439.907,5.20,LTUH,round,1.500,,
Drift Tube(4 in a row),,3440.039,240.0,LTUH,round,1.370,,
Pneumatic Valve,,3446.135,2.83,LTUH,round,1.570,,
Flex Coupling,,3446.207,4.00,LTUH,round,1.370,,
Drift Tube(3 in a row),,3446.309,180.0,LTUH,round,1.370,,
Drift Tube,,3450.881,10.0,LTUH,round,1.370,,
Magnet Quad with BPM ASSY,"QEM4*,BPME32*",3451.135,10.0,LTUH,round,0.870,,
Flex Coupling,,3451.389,3.34,LTUH,round,1.370,,
Drift Tube,,3451.474,21.38,LTUH,round,1.370,,
Collimator,CY32*,3452.017,8.6,LTUH,round,3.834,,
Drift Tube,,3452.235,21.38,LTUH,round,1.370,,
Bellows,,3452.778,6,LTUH,round,1.500,,
Drift Tube(2 in a row),,3452.930,120.0,LTUH,round,1.370,,
4 Way Cross,,3455.978,4.92,LTUH,round,1.370,,
Drift Tube,,3456.103,60.0,LTUH,round,1.370,,
4 Way Cross,,3457.627,4.92,LTUH,round,1.370,,
Flex Coupling,,3457.752,4.00,LTUH,round,1.370,,
Drift Tube,,3457.854,60.0,LTUH,round,1.370,,
Drift Tube,,3459.378,18.5,LTUH,round,1.370,,
Flex Coupling,,3459.848,4.00,LTUH,round,1.370,,
Fast Wire Scanner Assy,WS32*,3459.950,8.78,LTUH,round,1.3748,,
Flex Coupling,,3460.173,4.00,LTUH,round,1.370,,
Drift Tube,,3460.275,10.0,LTUH,round,1.370,,
Drift Tube,,3460.529,48,LTUH,round,1.370,,
Drift Tube,,3461.748,60.0,LTUH,round,1.370,,
4 Way Cross,,3463.272,4.92,LTUH,round,1.370,,
Drift Tube,,3463.397,60.0,LTUH,round,1.370,,
4 Way Cross,,3464.921,4.92,LTUH,round,1.370,,
Drift Tube(2 in a row),,3465.046,120.0,LTUH,round,1.370,,
Drift Tube,,3468.094,24,LTUH,round,1.370,,
Magnet Quad with BPM ASSY,"QE33*,BPME33*",3468.704,10.0,LTUH,round,0.870,,
Drift Tube,,3468.958,51.7,LTUH,round,1.370,,
Bellows,,3470.271,3.5,LTUH,round,1.259,,
Zero Length Reducer,,3470.360,0.679,LTUH,round,1.500,,
Mirror Actuator Assy,,3470.377,8.25,LTUH,round,2.259,,
Zero Length Reducer,,3470.587,0.679,LTUH,round,1.500,,
Bellows,,3470.604,3.5,LTUH,round,1.259,,
Drift Tube,,3470.693,51.7,LTUH,round,1.370,,
Drift Tube,,3472.006,60.0,LTUH,round,1.370,,
Drift Tube,,3473.530,12.00,LTUH,round,1.370,,
Actuator,,3473.835,2.75,LTUH,round,1.500,,
Bellows,,3473.905,5.20,LTUH,round,1.500,,
Drift Tube,,3474.037,60.0,LTUH,round,1.370,,
Drift Tube,,3475.561,47.33,LTUH,round,1.370,,
Screen Assy PSI Monitor,YAGPSI*,3476.763,5.394,LTUH,round,0.6299,,
Flex Coupling,,3476.900,8.2,LTUH,round,1.500,,
Drift Tube,,3477.108,18,LTUH,round,1.370,,
OTR,OTR33*,3477.565,5.4,LTUH,round,0.830,,
Drift Tube(3 in a row),,3477.702,180.0,LTUH,round,1.370,,
4 Way Cross,,3482.274,4.92,LTUH,round,1.370,,
Bellows,,3482.399,6,LTUH,round,1.500,,
Drift Tube(2 in a row),,3482.551,120.0,LTUH,round,1.370,,
Drift Tube,YCE34*,3485.599,30,LTUH,round,1.370,,
Magnet Quad with BPM ASSY,"QE34*,BPME34*",3486.361,10.0,LTUH,round,0.870,,
Drift Tube,,3486.615,60.0,LTUH,round,1.370,,
4 Way Cross,,3488.139,4.92,LTUH,round,1.370,,
Drift Tube,,3488.264,60.0,LTUH,round,1.370,,
4 Way Cross,,3489.788,4.92,LTUH,round,1.370,,
Bellows,,3489.913,6,LTUH,round,1.500,,
Drift Tube(2 in a row),,3490.065,120.0,LTUH,round,1.370,,
4 Way Cross,,3493.113,4.92,LTUH,round,1.370,,
Bellows,,3493.238,5.20,LTUH,round,1.500,,
Drift Tube,,3493.370,6.5,LTUH,round,1.370,,
Drift Tube,,3493.535,60.0,LTUH,round,1.370,,
Bellows,,3495.059,5.20,LTUH,round,1.500,,
Fast Wire Scanner Assy,WS33*,3495.191,8.78,LTUH,round,1.3748,,
Bellows,,3495.414,6,LTUH,round,1.500,,
Drift Tube(4 in a row),,3495.566,240.0,LTUH,round,1.370,,
Pneumatic Valve,,3501.662,2.83,LTUH,round,1.570,,
Bellows,,3501.622,6,LTUH,round,1.500,,
Drift Tube,,3501.774,48,LTUH,round,1.370,,
Drift Tube,XCE35*,3502.993,36.0,LTUH,round,1.370,,
Magnet Quad with BPM ASSY,"QE35*,BPME35*",3503.907,10.0,LTUH,round,0.870,,
Flex Coupling,,3504.161,3.34,LTUH,round,1.370,,
Drift Tube,,3504.246,21.38,LTUH,round,1.370,,
Collimator,CX35*,3504.789,8.6,LTUH,round,3.834,,
Drift Tube,,3505.007,21.38,LTUH,round,1.370,,
Flex Coupling,,3505.550,4.00,LTUH,round,1.370,,
Drift Tube(3 in a row),,3505.652,180.0,LTUH,round,1.370,,
4 Way Cross,,3510.224,4.92,LTUH,round,1.370,,
Bellows,,3510.349,6,LTUH,round,1.500,,
Drift Tube(3 in a row),,3510.501,180.0,LTUH,round,1.370,,
4 Way Cross,,3515.073,4.92,LTUH,round,1.370,,
Drift Tube,,3515.198,60.0,LTUH,round,1.370,,
4 Way Cross,,3516.722,4.92,LTUH,round,1.370,,
Bellows,,3516.847,6,LTUH,round,1.500,,
Drift Tube(2 in a row),,3516.999,120.0,LTUH,round,1.370,,
4 Way Cross,,3520.047,4.92,LTUH,round,1.370,,
Bellows,,3520.172,6,LTUH,round,1.500,,
Drift Tube,YCE36*,3520.324,48,LTUH,round,1.370,,
Magnet Quad with BPM ASSY,"QE36*,BPME36*",3521.543,10.0,LTUH,round,0.870,,
Drift Tube,,3521.797,18.5,LTUH,round,1.370,,
Drift Tube,,3522.267,36.0,LTUH,round,1.370,,
Bellows,,3523.181,6,LTUH,round,1.500,,
Drift Tube(3 in a row),,3523.333,180.0,LTUH,round,1.370,,
Drift Tube,,3527.905,48,LTUH,round,1.370,,
Drift Tube,,3529.124,6.5,LTUH,round,1.370,,
Actuator,,3529.194,2.75,LTUH,round,1.500,,
Flex Coupling,,3529.264,3.34,LTUH,round,1.370,,
Drift Tube,,3529.349,12.00,LTUH,round,1.370,,
Drift Tube,,3529.654,23.0,LTUH,round,1.370,,
Fast Wire Scanner Assy,,3530.238,8.78,LTUH,round,1.3748,,
Drift Tube,,3530.461,11.78,LTUH,round,1.370,,
Conical Reducer,,3530.760,2.375,LTUH,round,0.750,,
6 Way Cube,,3530.820,3.38,LTUH,round,2.000,,
Conical Reducer,,3530.906,2.375,LTUH,round,0.750,,
Bellows,,3530.966,5.20,LTUH,round,1.500,,
Drift Tube,,3531.128,39.5,LTUH,round,1.370,,
Drift Tube(2 in a row),,3532.131,120,LTUH,round,1.370,,
Drift Tube,,3535.179,36.0,LTUH,round,1.370,,
Magnet/BPM Assy,,3536.093,21.0,LTUH,round,0.874,,
Drift Tube,,3536.626,48,LTUH,round,1.370,,
4 Way Cross,,3537.845,4.92,LTUH,round,1.370,,
Bellows,,3537.970,6,LTUH,round,1.500,,
Drift Tube,,3538.122,23.0,LTUH,round,1.370,,
Drift Tube,,3538.706,60,LTUH,round,1.370,,
Drift Tube,,3540.230,48,LTUH,round,1.370,,
4 Way Cross,,3541.449,4.92,LTUH,round,1.370,,
Drift Tube,,3541.574,48,LTUH,round,1.370,,
Magnet/BPM Assy,,3542.793,21.0,LTUH,round,0.874,,
Drift Tube,,3543.326,4.5, LTUH,round,1.370,,
Drift Tube,,3543.440,45,LTUH,round,1.370,,
Bellows,,3544.583,5.20,LTUH,round,1.500,,
Profile Monitor,,3544.715,8.185,LTUH,round,2.370,,
Flex Coupling,,3544.923,3.34,LTUH,round,1.370,,
Drift Tube(2 in a row),,3545.008,120,LTUH,round,1.370,,
Drift Tube,,3548.056,10.0,LTUH,round,1.370,,
Drift Tube,,3548.310,6.25,LTUH,round,1.370,,
Profile Monitor,,3548.469,8.185,LTUH,round,2.370,,
Bellows,,3548.677,5.20,LTUH,round,1.500,,
Drift Tube,,3548.809,28.0,LTUH,round,1.370,,
4 Way Cross,,3549.520,4.92,LTUH,round,1.370,,
Drift Tube,,3549.645,60,LTUH,round,1.370,,
Magnet/BPM Assy,,3551.169,21.0,LTUH,round,0.874,,
Drift Tube(2 in a row),,3551.702,120,LTUH,round,1.370,,
Bellows,,3554.750,5.20,LTUH,round,1.500,,
Drift Tube,,3554.882,30,LTUH,round,1.370,,
Magnet/BPM Assy,,3555.644,21.0,LTUH,round,0.874,,
Drift Tube,,3556.197,11.25,LTUH,round,1.370,,
Transition Bellows,,3556.483,5.512,LTUH,round,0.394,,
RFBPM Reciever,,3556.623,3.662,LTUH,round,0.394,,
Transition Bellows,,3556.716,5.512,LTUH,round,0.394,,
Drift Tube,,3556.856,11.88,LTUH,round,1.370,,
Toroid,,3557.158,1.80,LTUH,round,0.875,,
Flex Coupling,,3557.204,4.00,LTUH,round,1.370,,
Drift Tube,,3557.306,48,LTUH,round,1.370,,
Drift Tube,,3558.525,28.0,LTUH,round,1.370,,
Transition Bellows,,3559.236,5.512,LTUH,round,0.394,,
RFBPM Reciever,,3559.376,3.662,LTUH,round,0.394,,
RFBPM Reciever,,3559.469,3.662,LTUH,round,0.394,,
Transition Bellows,,3559.562,5.512,LTUH,round,0.394,,